{"arquitetura": [2, 3, 1], "camadas": [[{"pesos": [6.9991066587698985, 7.229498872899282], "bias": -3.176355603230928}, {"pesos": [0.773247492986333, -2.860036484187573], "bias": -0.5872508915718379}, {"pesos": [-5.237166372830487, -4.8574275913185065], "bias": 7.539674753491535}], [{"pesos": [8.490277065659377, 0.8038465779550794, 8.455268236639], "bias": -12.65657417428184}]]}